Sales_ID,Sold
1,Y
2,Y
3,Y
4,Y
5,Y
6,Y
7,Y
8,Y
9,Y
10,Y
11,Y
12,Y
13,Y
15,Y
16,Y
17,Y
18,Y
19,Y
20,Y
21,Y
22,Y
23,Y
24,Y
25,Y
26,Y
27,Y
28,Y
29,Y
30,Y
31,Y
33,Y
34,Y
35,Y
36,Y
37,Y
38,Y
39,Y
40,Y
41,Y
42,Y
43,Y
44,Y
45,Y
46,Y
47,Y
48,Y
49,Y
50,Y
51,Y
52,Y
53,Y
54,Y
55,Y
56,Y
57,Y
58,Y
59,Y
60,Y
61,Y
62,Y
63,Y
64,Y
65,Y
66,Y
67,Y
68,Y
69,Y
70,Y
71,Y
72,Y
73,Y
74,Y
75,Y
76,Y
77,Y
78,Y
80,Y
81,Y
82,Y
83,Y
84,Y
85,Y
86,Y
87,Y
89,Y
90,Y
91,Y
92,Y
93,Y
94,Y
95,Y
96,Y
97,Y
98,Y
99,Y
100,Y
101,Y
102,Y
103,Y
104,Y
105,Y
106,Y
107,Y
108,Y
109,Y
110,Y
111,Y
112,Y
113,Y
114,Y
115,Y
116,Y
117,Y
118,Y
119,Y
121,Y
122,Y
123,Y
124,Y
125,Y
126,Y
127,Y
128,Y
129,Y
130,Y
131,Y
132,Y
133,Y
134,Y
135,Y
136,Y
137,Y
138,Y
140,Y
141,Y
142,Y
143,Y
144,Y
145,Y
146,Y
147,Y
148,Y
149,Y
150,Y
151,Y
152,Y
153,Y
154,Y
155,Y
156,Y
157,Y
158,Y
159,Y
160,Y
161,Y
162,Y
163,Y
164,Y
165,Y
166,Y
167,Y
168,Y
169,Y
170,Y
171,Y
172,Y
173,Y
174,Y
175,Y
176,Y
177,Y
178,Y
179,Y
180,Y
181,Y
182,Y
183,Y
184,Y
185,Y
186,Y
187,Y
188,Y
189,Y
190,Y
191,Y
192,Y
193,Y
194,Y
195,Y
196,Y
197,Y
198,Y
199,Y
200,Y
202,Y
203,Y
204,Y
205,Y
206,Y
208,Y
209,Y
210,Y
211,Y
212,Y
213,Y
214,Y
215,Y
216,Y
217,Y
218,Y
219,Y
220,Y
221,Y
222,Y
223,Y
224,Y
225,Y
226,Y
227,Y
228,Y
230,Y
231,Y
232,Y
233,Y
234,Y
235,Y
236,Y
237,Y
238,Y
239,Y
240,Y
241,Y
242,Y
243,Y
244,Y
245,Y
246,Y
247,Y
248,Y
249,Y
250,Y
251,Y
252,Y
254,Y
255,Y
256,Y
257,Y
258,Y
259,Y
260,Y
261,Y
262,Y
263,Y
264,Y
265,Y
266,Y
267,Y
268,Y
269,Y
270,Y
271,Y
272,Y
273,Y
274,Y
275,Y
276,Y
277,Y
278,Y
279,Y
280,Y
281,Y
282,Y
283,Y
284,Y
285,Y
286,Y
287,Y
288,Y
289,Y
290,Y
291,Y
292,Y
293,Y
294,Y
295,Y
296,Y
297,Y
298,Y
299,Y
300,Y
301,Y
302,Y
303,Y
304,Y
305,Y
306,Y
308,Y
309,Y
310,Y
311,Y
312,Y
313,Y
314,Y
315,Y
316,Y
318,Y
319,Y
320,Y
321,Y
322,Y
323,Y
324,Y
325,Y
326,Y
327,Y
328,Y
329,Y
330,Y
331,Y
332,Y
333,Y
334,Y
335,Y
336,Y
338,Y
339,Y
340,Y
341,Y
342,Y
343,Y
344,Y
345,Y
346,Y
347,Y
348,Y
349,Y
350,Y
351,Y
352,Y
353,Y
354,Y
355,Y
356,Y
357,Y
358,Y
359,Y
360,Y
361,Y
362,Y
363,Y
364,Y
365,Y
366,Y
367,Y
368,Y
369,Y
370,Y
371,Y
372,Y
373,Y
374,Y
375,Y
376,Y
377,Y
378,Y
379,Y
380,Y
381,Y
382,Y
383,Y
384,Y
385,Y
386,Y
387,Y
388,Y
389,Y
390,Y
392,Y
393,Y
394,Y
395,Y
396,Y
397,Y
398,Y
399,Y
400,Y
401,Y
402,Y
403,Y
404,Y
405,Y
406,Y
407,Y
408,Y
409,Y
410,Y
411,Y
412,Y
413,Y
414,Y
415,Y
416,Y
417,Y
418,Y
419,Y
420,Y
421,Y
422,Y
423,Y
424,Y
425,Y
426,Y
427,Y
428,Y
429,Y
430,Y
431,Y
432,Y
433,Y
434,Y
435,Y
436,Y
437,Y
438,Y
439,Y
440,Y
441,Y
442,Y
443,Y
444,Y
445,Y
446,Y
447,Y
448,Y
449,Y
450,Y
451,Y
452,Y
453,Y
454,Y
455,Y
456,Y
457,Y
458,Y
459,Y
460,Y
461,Y
462,Y
463,Y
464,Y
465,Y
466,Y
467,Y
468,Y
469,Y
470,Y
471,Y
472,Y
473,Y
474,Y
475,Y
476,Y
477,Y
478,Y
479,Y
480,Y
481,Y
482,Y
483,Y
484,Y
485,Y
486,Y
487,Y
488,Y
489,Y
490,Y
491,Y
492,Y
493,Y
494,Y
495,Y
496,Y
497,Y
498,Y
499,Y
500,Y
501,Y
502,Y
503,Y
504,Y
505,Y
506,Y
507,Y
508,Y
509,Y
510,Y
511,Y
512,Y
513,Y
514,Y
515,Y
516,Y
518,Y
519,Y
520,Y
521,Y
522,Y
523,Y
524,Y
525,Y
526,Y
527,Y
528,Y
529,Y
530,Y
531,Y
532,Y
533,Y
534,Y
535,Y
537,Y
538,Y
539,Y
541,Y
542,Y
543,Y
544,Y
545,Y
546,Y
547,Y
548,Y
549,Y
550,Y
551,Y
552,Y
553,Y
554,Y
555,Y
556,Y
557,Y
558,Y
559,Y
560,Y
561,Y
562,Y
563,Y
564,Y
565,Y
566,Y
567,Y
568,Y
569,Y
570,Y
571,Y
572,Y
573,Y
574,Y
575,Y
578,Y
579,Y
580,Y
581,Y
582,Y
583,Y
584,Y
585,Y
586,Y
587,Y
588,Y
589,Y
590,Y
591,Y
592,Y
593,Y
594,Y
595,Y
596,Y
597,Y
598,Y
599,Y
600,Y
601,Y
602,Y
603,Y
604,Y
605,Y
606,Y
607,Y
608,Y
609,Y
610,Y
611,Y
612,Y
613,Y
614,Y
615,Y
616,Y
617,Y
618,Y
619,Y
620,Y
621,Y
622,Y
623,Y
624,Y
625,Y
626,Y
627,Y
628,Y
629,Y
630,Y
631,Y
632,Y
633,Y
634,Y
635,Y
636,Y
637,Y
638,Y
639,Y
640,Y
641,Y
642,Y
643,Y
644,Y
645,Y
646,Y
647,Y
648,Y
649,Y
650,Y
651,Y
652,Y
653,Y
654,Y
655,Y
656,Y
657,Y
658,Y
659,Y
660,Y
661,Y
662,Y
663,Y
664,Y
665,Y
666,Y
667,Y
668,Y
669,Y
670,Y
671,Y
672,Y
673,Y
674,Y
675,Y
676,Y
677,Y
678,Y
679,Y
680,Y
681,Y
682,Y
683,Y
684,Y
685,Y
686,Y
687,Y
688,Y
690,Y
691,Y
692,Y
693,Y
694,Y
695,Y
696,Y
697,Y
698,Y
699,Y
700,Y
701,Y
702,Y
703,Y
704,Y
705,Y
706,Y
707,Y
708,Y
709,Y
710,Y
711,Y
712,Y
713,Y
714,Y
715,Y
716,Y
717,Y
718,Y
719,Y
720,Y
721,Y
722,Y
723,Y
724,Y
725,Y
727,Y
728,Y
729,Y
730,Y
731,Y
732,Y
733,Y
734,Y
735,Y
736,Y
737,Y
738,Y
739,Y
740,Y
741,Y
742,Y
743,Y
746,Y
747,Y
749,Y
750,Y
751,Y
752,Y
753,Y
754,Y
755,Y
756,Y
758,Y
759,Y
760,Y
761,Y
762,Y
763,Y
764,Y
765,Y
766,Y
767,Y
768,Y
769,Y
770,Y
771,Y
772,Y
773,Y
774,Y
776,Y
778,Y
779,Y
780,Y
781,Y
782,Y
783,Y
784,Y
785,Y
786,Y
787,Y
788,Y
789,Y
790,Y
791,Y
792,Y
793,Y
794,Y
795,Y
796,Y
797,Y
798,Y
799,Y
800,Y
801,Y
802,Y
803,Y
804,Y
805,Y
806,Y
807,Y
808,Y
809,Y
810,Y
811,Y
812,Y
813,Y
814,Y
815,Y
816,Y
817,Y
818,Y
819,Y
820,Y
821,Y
822,Y
823,Y
824,Y
825,Y
826,Y
827,Y
828,Y
829,Y
830,Y
831,Y
832,Y
833,Y
834,Y
835,Y
836,Y
837,Y
838,Y
839,Y
840,Y
841,Y
842,Y
843,Y
844,Y
845,Y
846,Y
847,Y
848,Y
849,Y
850,Y
851,Y
852,Y
853,Y
854,Y
855,Y
856,Y
857,Y
858,Y
859,Y
860,Y
861,Y
862,Y
864,Y
865,Y
866,Y
867,Y
868,Y
869,Y
870,Y
871,Y
872,Y
873,Y
874,Y
875,Y
876,Y
877,Y
878,Y
879,Y
880,Y
881,Y
882,Y
883,Y
884,Y
885,Y
886,Y
887,Y
888,Y
889,Y
890,Y
891,Y
892,Y
893,Y
894,Y
895,Y
896,Y
897,Y
898,Y
899,Y
900,Y
901,Y
902,Y
903,Y
904,Y
905,Y
906,Y
907,Y
908,Y
909,Y
910,Y
911,Y
912,Y
913,Y
914,Y
915,Y
916,Y
917,Y
918,Y
919,Y
920,Y
921,Y
922,Y
923,Y
924,Y
925,Y
926,Y
927,Y
928,Y
929,Y
930,Y
931,Y
932,Y
933,Y
934,Y
935,Y
936,Y
937,Y
938,Y
939,Y
940,Y
941,Y
942,Y
943,Y
944,Y
945,Y
946,Y
947,Y
948,Y
949,Y
950,Y
951,Y
952,Y
953,Y
954,Y
955,Y
956,Y
957,Y
958,Y
959,Y
960,Y
961,Y
962,Y
963,Y
964,Y
965,Y
966,Y
967,Y
968,Y
969,Y
970,Y
971,Y
972,Y
973,Y
974,Y
975,Y
976,Y
977,Y
978,Y
979,Y
980,Y
981,Y
982,Y
983,Y
984,Y
985,Y
986,Y
987,Y
988,Y
989,Y
990,Y
991,Y
992,Y
994,Y
995,Y
996,Y
997,Y
998,Y
999,Y
1000,Y
1001,Y
1002,Y
1003,Y
1004,Y
1005,Y
1006,Y
1007,Y
1008,Y
1009,Y
1010,Y
1011,Y
1012,Y
1013,Y
1014,Y
1015,Y
1017,Y
1018,Y
1019,Y
1020,Y
1021,Y
1022,Y
1023,Y
1024,Y
1025,Y
1026,Y
1027,Y
1028,Y
1029,Y
1030,Y
1031,Y
1032,Y
1033,Y
1034,Y
1035,Y
1036,Y
1037,Y
1038,Y
1039,Y
1040,Y
1041,Y
1042,Y
1043,Y
1044,Y
1045,Y
1047,Y
1048,Y
1049,Y
1050,Y
1051,Y
1052,Y
1053,Y
1054,Y
1055,Y
1056,Y
1057,Y
1058,Y
1059,Y
1060,Y
1061,Y
1062,Y
1063,Y
1064,Y
1065,Y
1066,Y
1067,Y
1068,Y
1069,Y
1070,Y
1071,Y
1072,Y
1073,Y
1074,Y
1075,Y
1076,Y
1077,Y
1078,Y
1079,Y
1080,Y
1081,Y
1082,Y
1083,Y
1084,Y
1085,Y
1086,Y
1087,Y
1088,Y
1089,Y
1090,Y
1091,Y
1092,Y
1093,Y
1094,Y
1095,Y
1096,Y
1097,Y
1098,Y
1099,Y
1100,Y
1101,Y
1102,Y
1103,Y
1104,Y
1105,Y
1106,Y
1107,Y
1108,Y
1109,Y
1110,Y
1111,Y
1112,Y
1113,Y
1114,Y
1115,Y
1116,Y
1117,Y
1118,Y
1119,Y
1120,Y
1121,Y
1122,Y
1123,Y
1124,Y
1125,Y
1126,Y
1127,Y
1128,Y
1129,Y
1130,Y
1131,Y
1132,Y
1133,Y
1134,Y
1135,Y
1136,Y
1137,Y
1138,Y
1139,Y
1140,Y
1141,Y
1142,Y
1143,Y
1144,Y
1145,Y
1146,Y
1147,Y
1148,Y
1149,Y
1150,Y
1151,Y
1152,Y
1153,Y
1154,Y
1155,Y
1156,Y
1157,Y
1158,Y
1159,Y
1160,Y
1161,Y
1162,Y
1163,Y
1164,Y
1165,Y
1166,Y
1167,Y
1168,Y
1169,Y
1170,Y
1171,Y
1172,Y
1173,Y
1174,Y
1175,Y
1176,Y
1177,Y
1178,Y
1179,Y
1180,Y
1181,Y
1182,Y
1183,Y
1187,Y
1188,Y
1189,Y
1190,Y
1191,Y
1192,Y
1193,Y
1194,Y
1195,Y
1196,Y
1197,Y
1198,Y
1199,Y
1200,Y
1202,Y
1203,Y
1204,Y
1205,Y
1206,Y
1207,Y
1208,Y
1209,Y
1210,Y
1212,Y
1213,Y
1215,Y
1216,Y
1218,Y
1219,Y
1220,Y
1221,Y
1222,Y
1223,Y
1224,Y
1225,Y
1226,Y
1227,Y
1228,Y
1229,Y
1230,Y
1231,Y
1232,Y
1233,Y
1234,Y
1235,Y
1236,Y
1237,Y
1238,Y
1239,Y
1240,Y
1241,Y
1242,Y
1243,Y
1244,Y
1245,Y
1246,Y
1247,Y
1248,Y
1249,Y
1250,Y
1251,Y
1252,Y
1253,Y
1254,Y
1255,Y
1256,Y
1257,Y
1258,Y
1259,Y
1260,Y
1261,Y
1262,Y
1263,Y
1264,Y
1265,Y
1266,Y
1267,Y
1268,Y
1269,Y
1270,Y
1271,Y
1272,Y
1273,Y
1274,Y
1275,Y
1276,Y
1277,Y
1278,Y
1279,Y
1280,Y
1281,Y
1282,Y
1283,Y
1284,Y
1285,Y
1286,Y
1287,Y
1288,Y
1289,Y
1290,Y
1291,Y
1292,Y
1293,Y
1294,Y
1295,Y
1296,Y
1297,Y
1298,Y
1299,Y
1300,Y
1301,Y
1302,Y
1303,Y
1304,Y
1305,Y
1306,Y
1307,Y
1308,Y
1309,Y
1310,Y
1311,Y
1312,Y
1313,Y
1314,Y
1315,Y
1316,Y
1317,Y
1318,Y
1319,Y
1320,Y
1321,Y
1322,Y
1324,Y
1325,Y
1326,Y
1327,Y
1328,Y
1329,Y
1330,Y
1331,Y
1333,Y
1334,Y
1335,Y
1336,Y
1337,Y
1338,Y
1339,Y
1340,Y
1342,Y
1343,Y
1344,Y
1345,Y
1346,Y
1347,Y
1349,Y
1350,Y
1351,Y
1352,Y
1353,Y
1354,Y
1355,Y
1356,Y
1357,Y
1358,Y
1359,Y
1360,Y
1361,Y
1362,Y
1363,Y
1364,Y
1365,Y
1366,Y
1367,Y
1368,Y
1369,Y
1370,Y
1371,Y
1372,Y
1373,Y
1374,Y
1375,Y
1376,Y
1377,Y
1378,Y
1379,Y
1380,Y
1381,Y
1382,Y
1383,Y
1384,Y
1385,Y
1386,Y
1387,Y
1388,Y
1389,Y
1390,Y
1391,Y
1393,Y
1394,Y
1395,Y
1396,Y
1397,Y
1398,Y
1399,Y
1400,Y
1401,Y
1402,Y
1403,Y
1404,Y
1405,Y
1406,Y
1407,Y
1408,Y
1409,Y
1410,Y
1411,Y
1412,Y
1413,Y
1414,Y
1415,Y
1416,Y
1417,Y
1418,Y
1419,Y
1420,Y
1421,Y
1422,Y
1423,Y
1424,Y
1425,Y
1426,Y
1427,Y
1428,Y
1429,Y
1430,Y
1431,Y
1432,Y
1434,Y
1435,Y
1436,Y
1437,Y
1438,Y
1439,Y
1440,Y
1441,Y
1442,Y
1445,Y
1446,Y
1447,Y
1448,Y
1449,Y
1450,Y
1451,Y
1452,Y
1453,Y
1454,Y
1455,Y
1456,Y
1457,Y
1458,Y
1459,Y
1460,Y
1461,Y
1462,Y
1463,Y
1464,Y
1465,Y
1466,Y
1467,Y
1468,Y
1469,Y
1470,Y
1471,Y
1472,Y
1473,Y
1474,Y
1475,Y
1476,Y
1477,Y
1478,Y
1479,Y
1480,Y
1481,Y
1482,Y
1483,Y
1484,Y
1485,Y
1486,Y
1487,Y
1488,Y
1489,Y
1490,Y
1491,Y
1492,Y
1493,Y
1494,Y
1495,Y
1496,Y
1497,Y
1498,Y
1499,Y
1501,Y
1502,Y
1503,Y
1504,Y
1505,Y
1506,Y
1507,Y
1508,Y
1509,Y
1510,Y
1511,Y
1512,Y
1514,Y
1515,Y
1516,Y
1517,Y
1518,Y
1519,Y
1520,Y
1521,Y
1522,Y
1523,Y
1524,Y
1525,Y
1526,Y
1527,Y
1528,Y
1529,Y
1530,Y
1531,Y
1532,Y
1533,Y
1534,Y
1535,Y
1536,Y
1537,Y
1538,Y
1539,Y
1540,Y
1541,Y
1542,Y
1543,Y
1544,Y
1545,Y
1546,Y
1547,Y
1548,Y
1549,Y
1550,Y
1551,Y
1552,Y
1553,Y
1554,Y
1555,Y
1556,Y
1557,Y
1558,Y
1559,Y
1560,Y
1561,Y
1562,Y
1563,Y
1564,Y
1565,Y
1566,Y
1567,Y
1568,Y
1569,Y
1570,Y
1571,Y
1572,Y
1573,Y
1574,Y
1575,Y
1576,Y
1577,Y
1578,Y
1579,Y
1580,Y
1581,Y
1582,Y
1583,Y
1584,Y
1585,Y
1586,Y
1587,Y
1588,Y
1589,Y
1590,Y
1591,Y
1592,Y
1593,Y
1594,Y
1595,Y
1596,Y
1597,Y
1598,Y
1599,Y
1600,Y
1601,Y
1602,Y
1603,Y
1604,Y
1605,Y
1606,Y
1607,Y
1608,Y
1609,Y
1610,Y
1611,Y
1612,Y
1613,Y
1614,Y
1615,Y
1616,Y
1617,Y
1618,Y
1619,Y
1620,Y
1621,Y
1622,Y
1623,Y
1624,Y
1625,Y
1626,Y
1627,Y
1628,Y
1629,Y
1630,Y
1631,Y
1632,Y
1633,Y
1634,Y
1635,Y
1636,Y
1637,Y
1639,Y
1640,Y
1641,Y
1642,Y
1643,Y
1644,Y
1645,Y
1646,Y
1647,Y
1648,Y
1649,Y
1650,Y
1651,Y
1653,Y
1654,Y
1655,Y
1656,Y
1657,Y
1658,Y
1659,Y
1660,Y
1661,Y
1662,Y
1663,Y
1664,Y
1665,Y
1666,Y
1667,Y
1668,Y
1669,Y
1670,Y
1671,Y
1672,Y
1673,Y
1674,Y
1675,Y
1676,Y
1677,Y
1678,Y
1679,Y
1680,Y
1681,Y
1682,Y
1683,Y
1684,Y
1685,Y
1686,Y
1687,Y
1688,Y
1689,Y
1690,Y
1691,Y
1692,Y
1693,Y
1694,Y
1695,Y
1696,Y
1697,Y
1698,Y
1699,Y
1700,Y
1701,Y
1702,Y
1703,Y
1704,Y
1705,Y
1706,Y
1707,Y
1708,Y
1709,Y
1710,Y
1711,Y
1712,Y
1713,Y
1714,Y
1715,Y
1716,Y
1717,Y
1718,Y
1719,Y
1720,Y
1721,Y
1722,Y
1723,Y
1724,Y
1725,Y
1726,Y
1727,Y
1728,Y
1729,Y
1730,Y
1731,Y
1732,Y
1733,Y
1734,Y
1735,Y
1736,Y
1737,Y
1738,Y
1739,Y
1740,Y
1741,Y
1742,Y
1743,Y
1744,Y
1745,Y
1746,Y
1747,Y
1749,Y
1750,Y
1751,Y
1752,Y
1753,Y
1754,Y
1755,Y
1756,Y
1757,Y
1758,Y
1759,Y
1760,Y
1761,Y
1762,Y
1763,Y
1764,Y
1765,Y
1766,Y
1767,Y
1768,Y
1769,Y
1770,Y
1771,Y
1772,Y
1773,Y
1774,Y
1775,Y
1776,Y
1777,Y
1778,Y
1779,Y
1780,Y
1781,Y
1782,Y
1783,Y
1784,Y
1785,Y
1787,Y
1788,Y
1789,Y
1790,Y
1791,Y
1792,Y
1793,Y
1794,Y
1795,Y
1796,Y
1797,Y
1798,Y
1799,Y
1800,Y
1801,Y
1802,Y
1803,Y
1804,Y
1805,Y
1806,Y
1807,Y
1808,Y
1809,Y
1811,Y
1812,Y
1813,Y
1814,Y
1815,Y
1817,Y
1818,Y
1819,Y
1820,Y
1821,Y
1822,Y
1823,Y
1824,Y
1825,Y
1826,Y
1827,Y
1828,Y
1829,Y
1830,Y
1831,Y
1832,Y
1833,Y
1834,Y
1835,Y
1836,Y
1837,Y
1838,Y
1839,Y
1840,Y
1841,Y
1842,Y
1843,Y
1844,Y
1845,Y
1846,Y
1847,Y
1848,Y
1849,Y
1850,Y
1851,Y
1852,Y
1853,Y
1854,Y
1855,Y
1856,Y
1857,Y
1858,Y
1859,Y
1860,Y
1861,Y
1862,Y
1863,Y
1864,Y
1865,Y
1866,Y
1867,Y
1868,Y
1869,Y
1870,Y
1871,Y
1872,Y
1873,Y
1874,Y
1875,Y
1876,Y
1877,Y
1878,Y
1879,Y
1880,Y
1881,Y
1882,Y
1883,Y
1884,Y
1885,Y
1886,Y
1887,Y
1888,Y
1889,Y
1890,Y
1891,Y
1892,Y
1893,Y
1894,Y
1895,Y
1896,Y
1897,Y
1898,Y
1899,Y
1900,Y
1901,Y
1902,Y
1903,Y
1904,Y
1905,Y
1906,Y
1907,Y
1908,Y
1909,Y
1910,Y
1911,Y
1912,Y
1913,Y
1914,Y
1915,Y
1916,Y
1917,Y
1918,Y
1919,Y
1920,Y
1921,Y
1923,Y
1924,Y
1925,Y
1926,Y
1927,Y
1928,Y
1929,Y
1930,Y
1931,Y
1932,Y
1933,Y
1935,Y
1936,Y
1937,Y
1938,Y
1939,Y
1940,Y
1941,Y
1942,Y
1943,Y
1944,Y
1945,Y
1946,Y
1947,Y
1948,Y
1949,Y
1950,Y
1951,Y
1952,Y
1953,Y
1954,Y
1955,Y
1956,Y
1959,Y
1960,Y
1961,Y
1962,Y
1963,Y
1964,Y
1965,Y
1966,Y
1967,Y
1968,Y
1969,Y
1970,Y
1971,Y
1972,Y
1974,Y
1975,Y
1976,Y
1977,Y
1978,Y
1979,Y
1980,Y
1981,Y
1982,Y
1983,Y
1984,Y
1985,Y
1986,Y
1987,Y
1988,Y
1989,Y
1990,Y
1991,Y
1992,Y
1993,Y
1994,Y
1995,Y
1996,Y
1997,Y
1998,Y
1999,Y
2000,Y
2001,Y
2002,Y
2003,Y
2004,Y
2005,Y
2006,Y
2007,Y
2008,Y
2009,Y
2010,Y
2011,Y
2012,Y
2013,Y
2014,Y
2015,Y
2016,Y
2017,Y
2018,Y
2019,Y
2020,Y
2021,Y
2022,Y
2023,Y
2024,Y
2025,Y
2026,Y
2027,Y
2028,Y
2029,Y
2031,Y
2032,Y
2033,Y
2034,Y
2035,Y
2036,Y
2037,Y
2038,Y
2039,Y
2040,Y
2041,Y
2042,Y
2043,Y
2044,Y
2045,Y
2046,Y
2047,Y
2049,Y
2050,Y
2051,Y
2052,Y
2053,Y
2054,Y
2055,Y
2056,Y
2057,Y
2058,Y
2059,Y
2060,Y
2061,Y
2062,N
2063,N
2064,N
2065,N
2066,N
2067,N
2068,N
2069,N
2070,N
2071,N
2072,N
2073,N
2074,N
2075,N
2076,N
2077,N
2078,N
2079,N
2080,N
2081,N
2082,N
2083,N
2084,N
2085,N
2086,N
2087,N
2088,N
2089,N
2090,N
2091,N
2092,N
2093,N
2094,N
2095,N
2096,N
2097,N
2098,N
2099,N
2100,N
2101,N
2102,N
2103,N
2104,N
2105,N
2107,N
2108,N
2109,N
2110,N
2111,N
2112,N
2113,N
2115,N
2116,N
2117,N
2118,N
2119,N
2120,N
2121,N
2122,N
2123,N
2124,N
2126,N
2127,N
2128,N
2129,N
2130,N
2131,N
2132,N
2133,N
2134,N
2135,N
2136,N
2137,N
2138,N
2139,N
2140,N
2141,N
2142,N
2143,N
2144,N
2145,N
2146,N
2147,N
2148,N
2149,N
2151,N
2152,N
2153,N
2154,N
2155,N
2156,N
2157,N
2158,N
2159,N
2160,N
2161,N
2162,N
2163,N
2164,N
2165,N
2166,N
2167,N
2168,N
2169,N
2170,N
2171,N
2172,N
2173,N
2174,N
2175,N
2176,N
2177,N
2178,N
2179,N
2180,N
2181,N
2182,N
2183,N
2184,N
2185,N
2186,N
2187,N
2188,N
2190,N
2191,N
2192,N
2193,N
2194,N
2195,N
2196,N
2197,N
2198,N
2199,N
2200,N
2201,N
2202,N
2203,N
2204,N
2205,N
2206,N
2207,N
2208,N
2209,N
2210,N
2211,N
2212,N
2213,N
2214,N
2215,N
2216,N
2217,N
2218,N
2219,N
2220,N
2221,N
2222,N
2223,N
2224,N
2225,N
2226,N
2227,N
2228,N
2229,N
2230,N
2231,N
2232,N
2233,N
2234,N
2235,N
2236,N
2237,N
2238,N
2239,N
2240,N
2241,N
2242,N
2243,N
2244,N
2245,N
2246,N
2247,N
2248,N
2249,N
2250,N
2251,N
2252,N
2253,N
2255,N
2256,N
2257,N
2258,N
2260,N
2261,N
2262,N
2263,N
2264,N
2265,N
2266,N
2267,N
2269,N
2270,N
2271,N
2273,N
2275,N
2276,N
2277,N
2278,N
2279,N
2280,N
2281,N
2282,N
2283,N
2284,N
2285,N
2287,N
2288,N
2289,N
2290,N
2291,N
2293,N
2294,N
2295,N
2296,N
2297,N
2298,N
2299,N
2300,N
2301,N
2302,N
2303,N
2304,N
2305,N
2306,N
2307,N
2308,N
2309,N
2310,N
2311,N
2312,N
2313,N
2314,N
2315,N
2316,N
2317,N
2318,N
2319,N
2320,N
2321,N
2322,N
2323,N
2324,N
2325,N
2326,N
2327,N
2328,N
2329,N
2331,N
2332,N
2333,N
2334,N
2335,N
2336,N
2337,N
2338,N
2339,N
2340,N
2341,N
2342,N
2343,N
2344,N
2345,N
2346,N
2347,N
2348,N
2349,N
2350,N
2351,N
2352,N
2353,N
2354,N
2355,N
2356,N
2358,N
2359,N
2360,N
2361,N
2362,N
2363,N
2364,N
2365,N
2366,N
2367,N
2368,N
2369,N
2370,N
2371,N
2372,N
2373,N
2374,N
2375,N
2376,N
2377,N
2378,N
2379,N
2380,N
2381,N
2382,N
2383,N
2384,N
2385,N
2386,N
2388,N
2390,N
2391,N
2392,N
2393,N
2394,N
2395,N
2396,N
2397,N
2398,N
2399,N
2400,N
2401,N
2402,N
2403,N
2404,N
2405,N
2406,N
2407,N
2408,N
2409,N
2410,N
2411,N
2412,N
2413,N
2414,N
2415,N
2416,N
2417,N
2418,N
2419,N
2420,N
2421,N
2422,N
2423,N
2424,N
2425,N
2426,N
2427,N
2428,N
2429,N
2430,N
2431,N
2432,N
2433,N
2434,N
2435,N
2436,N
2437,N
2438,N
2439,N
2440,N
2441,N
2442,N
2443,N
2444,N
2445,N
2446,N
2447,N
2448,N
2450,N
2451,N
2452,N
2453,N
2454,N
2455,N
2456,N
2457,N
2458,N
2459,N
2460,N
2461,N
2463,N
2464,N
2466,N
2468,N
2469,N
2470,N
2471,N
2472,N
2473,N
2474,N
2475,N
2476,N
2477,N
2478,N
2479,N
2480,N
2481,N
2482,N
2483,N
2484,N
2485,N
2486,N
2487,N
2488,N
2489,N
2490,N
2491,N
2492,N
2493,N
2494,N
2495,N
2497,N
2498,N
2500,N
2501,N
2502,N
2503,N
2504,N
2505,N
2506,N
2507,N
2508,N
2509,N
2510,N
2511,N
2512,N
2513,N
2514,N
2515,N
2516,N
2517,N
2518,N
2519,N
2520,N
2521,N
2522,N
2523,N
2524,N
2525,N
2526,N
2527,N
2528,N
2529,N
2530,N
2531,N
2532,N
2533,N
2534,N
2535,N
2536,N
2537,N
2538,N
2539,N
2540,N
2541,N
2542,N
2543,N
2544,N
2545,N
2546,N
2547,N
2548,N
2549,N
2553,N
2554,N
2555,N
2556,N
2557,N
2558,N
2559,N
2560,N
2561,N
2562,N
2563,N
2564,N
2565,N
2566,N
2567,N
2568,N
2569,N
2570,N
2571,N
2572,N
2573,N
2574,N
2575,N
2576,N
2577,N
2578,N
2579,N
2580,N
2581,N
2582,N
2583,N
2584,N
2585,N
2586,N
2587,N
2588,N
2589,N
2590,N
2591,N
2592,N
2593,N
2594,N
2595,N
2596,N
2597,N
2598,N
2599,N
2600,N
2601,N
2602,N
2603,N
2604,N
2605,N
2606,N
2607,N
2608,N
2609,N
2610,N
2611,N
2612,N
2613,N
2614,N
2615,N
2616,N
2617,N
2618,N
2619,N
2620,N
2621,N
2622,N
2623,N
2624,N
2625,N
2626,N
2627,N
2628,N
2629,N
2630,N
2631,N
2632,N
2633,N
2634,N
2635,N
2636,N
2637,N
2638,N
2639,N
2640,N
2641,N
2642,N
2643,N
2644,N
2645,N
2646,N
2647,N
2648,N
2649,N
2650,N
2651,N
2652,N
2653,N
2654,N
2655,N
2656,N
2657,N
2658,N
2659,N
2660,N
2661,N
2662,N
2663,N
2664,N
2665,N
2666,N
2667,N
2668,N
2669,N
2670,N
2671,N
2672,N
2673,N
2674,N
2675,N
2676,N
2677,N
2678,N
2679,N
2680,N
2681,N
2682,N
2684,N
2685,N
2686,N
2687,N
2688,N
2689,N
2690,N
2691,N
2692,N
2693,N
2694,N
2695,N
2696,N
2697,N
2698,N
2699,N
2700,N
2701,N
2702,N
2703,N
2704,N
2705,N
2706,N
2707,N
2708,N
2709,N
2710,N
2711,N
2712,N
2713,N
2714,N
2715,N
2716,N
2717,N
2718,N
2719,N
2721,N
2722,N
2723,N
2724,N
2725,N
2726,N
2728,N
2729,N
2730,N
2731,N
2732,N
2733,N
2734,N
2735,N
2736,N
2737,N
2738,N
2739,N
2740,N
2741,N
2742,N
2743,N
2744,N
2745,N
2746,N
2747,N
2748,N
2749,N
2750,N
2751,N
2752,N
2753,N
2754,N
2755,N
2756,N
2757,N
2758,N
2759,N
2760,N
2761,N
2762,N
2763,N
2764,N
2765,N
2766,N
2767,N
2768,N
2769,N
2770,N
2771,N
2772,N
2773,N
2774,N
2775,N
2776,N
2777,N
2778,N
2779,N
2780,N
2781,N
2782,N
2783,N
2784,N
2785,N
2786,N
2787,N
2788,N
2789,N
2790,N
2791,N
2792,N
2793,N
2794,N
2795,N
2796,N
2797,N
2798,N
2799,N
2800,N
2801,N
2802,N
2803,N
2804,N
2805,N
2806,N
2807,N
2808,N
2809,N
2810,N
2811,N
2812,N
2813,N
2814,N
2815,N
2816,N
2817,N
2818,N
2819,N
2820,N
2821,N
2822,N
2823,N
2824,N
2825,N
2826,N
2827,N
2828,N
2829,N
2830,N
2831,N
2832,N
2833,N
2834,N
2835,N
2836,N
2837,N
2838,N
2839,N
2840,N
2841,N
2842,N
2843,N
2844,N
2845,N
2846,N
2847,N
2848,N
2849,N
2850,N
2852,N
2853,N
2854,N
2855,N
2856,N
2857,N
2858,N
2859,N
2860,N
2861,N
2862,N
2863,N
2864,N
2865,N
2866,N
2867,N
2869,N
2870,N
2871,N
2872,N
2873,N
2875,N
2876,N
2877,N
2878,N
2879,N
2880,N
2881,N
2882,N
2883,N
2884,N
2885,N
2886,N
2887,N
2888,N
2889,N
2890,N
2891,N
2892,N
2893,N
2894,N
2895,N
2896,N
2897,N
2898,N
2899,N
2900,N
2901,N
2902,N
2903,N
2904,N
2905,N
2906,N
2907,N
2908,N
2909,N
2910,N
2911,N
2912,N
2913,N
2914,N
2915,N
2916,N
2917,N
2918,N
2919,N
2920,N
2921,N
2922,N
2923,N
2924,N
2925,N
2926,N
2927,N
2928,N
2929,N
2930,N
2931,N
2932,N
2933,N
2934,N
2935,N
2936,N
2937,N
2938,N
2939,N
2940,N
2941,N
2942,N
2944,N
2945,N
2946,N
2947,N
2948,N
2949,N
2950,N
2951,N
2952,N
2953,N
2954,N
2955,N
2956,N
2957,N
2958,N
2959,N
2961,N
2962,N
2963,N
2964,N
2965,N
2966,N
2967,N
2968,N
2969,N
2970,N
2971,N
2972,N
2973,N
2974,N
2975,N
2976,N
2977,N
2978,N
2979,N
2980,N
2981,N
2982,N
2983,N
2984,N
2985,N
2986,N
2987,N
2988,N
2989,N
2990,N
2991,N
2992,N
2993,N
2994,N
2995,N
2997,N
2998,N
2999,N
3000,N
3001,N
3002,N
3003,N
3004,N
3005,N
3006,N
3007,N
3008,N
3009,N
3010,N
3011,N
3012,N
3013,N
3014,N
3015,N
3016,N
3017,N
3018,N
3019,N
3020,N
3021,N
3022,N
3023,N
3024,N
3025,N
3026,N
3027,N
3028,N
3029,N
3030,N
3031,N
3032,N
3033,N
3034,N
3035,N
3036,N
3037,N
3038,N
3039,N
3040,N
3041,N
3042,N
3043,N
3044,N
3045,N
3046,N
3047,N
3048,N
3049,N
3050,N
3051,N
3052,N
3053,N
3054,N
3055,N
3056,N
3057,N
3058,N
3059,N
3060,N
3061,N
3062,N
3064,N
3065,N
3066,N
3067,N
3068,N
3069,N
3070,N
3071,N
3072,N
3073,N
3074,N
3075,N
3076,N
3077,N
3078,N
3079,N
3080,N
3081,N
3082,N
3083,N
3084,N
3085,N
3086,N
3087,N
3088,N
3089,N
3090,N
3091,N
3092,N
3093,N
3094,N
3095,N
3096,N
3097,N
3099,N
3100,N
3101,N
3102,N
3103,N
3104,N
3105,N
3106,N
3107,N
3108,N
3109,N
3110,N
3111,N
3112,N
3113,N
3114,N
3115,N
3116,N
3117,N
3118,N
3119,N
3120,N
3121,N
3122,N
3123,N
3124,N
3125,N
3126,N
3127,N
3128,N
3129,N
3130,N
3131,N
3132,N
3133,N
3134,N
3135,N
3136,N
3137,N
3138,N
3139,N
3140,N
3141,N
3142,N
3143,N
3144,N
3145,N
3146,N
3147,N
3148,N
3149,N
3150,N
3151,N
3152,N
3153,N
3154,N
3156,N
3157,N
3158,N
3159,N
3160,N
3161,N
3162,N
3163,N
3164,N
3165,N
3166,N
3167,N
3168,N
3169,N
3170,N
3171,N
3172,N
3173,N
3175,N
3176,N
3177,N
3178,N
3179,N
3180,N
3181,N
3182,N
3183,N
3184,N
3185,N
3186,N
3187,N
3188,N
3189,N
3190,N
3191,N
3192,N
3193,N
3194,N
3196,N
3197,N
3198,N
3199,N
3200,N
3201,N
3202,N
3203,N
3204,N
3205,N
3206,N
3207,N
3208,N
3209,N
3210,N
3211,N
3212,N
3213,N
3214,N
3215,N
3216,N
3217,N
3218,N
3219,N
3220,N
3221,N
3222,N
3223,N
3224,N
3225,N
3226,N
3227,N
3228,N
3229,N
3230,N
3231,N
3232,N
3233,N
3234,N
3235,N
3236,N
3237,N
3238,N
3239,N
3240,N
3241,N
3242,N
3243,N
3244,N
3245,N
3246,N
3247,N
3248,N
3249,N
3250,N
3251,N
3252,N
3253,N
3254,N
3255,N
3256,N
3257,N
3258,N
3259,N
3260,N
3261,N
3262,N
3263,N
3264,N
3265,N
3266,N
3267,N
3268,N
3269,N
3270,N
3271,N
3272,N
3273,N
3274,N
3275,N
3276,N
3277,N
3278,N
3279,N
3280,N
3281,N
3283,N
3284,N
3285,N
3286,N
3287,N
3288,N
3289,N
3290,N
3291,N
3292,N
3293,N
3294,N
3295,N
3296,N
3297,N
3298,N
3299,N
3300,N
3301,N
3302,N
3303,N
3304,N
3305,N
3306,N
3307,N
3308,N
3309,N
3310,N
3312,N
3313,N
3314,N
3315,N
3316,N
3317,N
3318,N
3319,N
3320,N
3321,N
3322,N
3323,N
3324,N
3325,N
3326,N
3327,N
3328,N
3329,N
3330,N
3331,N
3332,N
3333,N
3334,N
3335,N
3336,N
3337,N
3338,N
3339,N
3340,N
3341,N
3342,N
3343,N
3344,N
3345,N
3346,N
3347,N
3348,N
3349,N
3350,N
3351,N
3352,N
3353,N
3354,N
3355,N
3356,N
3357,N
3358,N
3359,N
3360,N
3361,N
3362,N
3363,N
3364,N
3365,N
3367,N
3368,N
3369,N
3370,N
3371,N
3372,N
3373,N
3374,N
3375,N
3376,N
3377,N
3378,N
3379,N
3380,N
3381,N
3382,N
3383,N
3384,N
3385,N
3386,N
3387,N
3388,N
3389,N
3390,N
3391,N
3392,N
3393,N
3394,N
3395,N
3396,N
3397,N
3399,N
3400,N
3401,N
3402,N
3403,N
3404,N
3406,N
3407,N
3408,N
3409,N
3410,N
3411,N
3412,N
3413,N
3414,N
3415,N
3416,N
3417,N
3418,N
3419,N
3420,N
3421,N
3422,N
3423,N
3424,N
3425,N
3426,N
3427,N
3428,N
3429,N
3430,N
3431,N
3432,N
3433,N
3434,N
3435,N
3436,N
3437,N
3438,N
3439,N
3440,N
3441,N
3442,N
3443,N
3444,N
3445,N
3446,N
3447,N
3448,N
3449,N
3450,N
3451,N
3452,N
3453,N
3454,N
3455,N
3456,N
3458,N
3459,N
3460,N
3461,N
3462,N
3464,N
3465,N
3466,N
3467,N
3470,N
3471,N
3472,N
3473,N
3474,N
3475,N
3476,N
3477,N
3478,N
3479,N
3480,N
3481,N
3482,N
3483,N
3484,N
3485,N
3486,N
3487,N
3488,N
3489,N
3490,N
3491,N
3492,N
3493,N
3494,N
3495,N
3496,N
3497,N
3498,N
3499,N
3500,N
3501,N
3502,N
3503,N
3504,N
3505,N
3506,N
3507,N
3508,N
3509,N
3510,N
3511,N
3512,N
3513,N
3514,N
3515,N
3516,N
3517,N
3518,N
3519,N
3520,N
3521,N
3522,N
3523,N
3524,N
3525,N
3526,N
3527,N
3528,N
3529,N
3530,N
3531,N
3532,N
3533,N
3534,N
3535,N
3536,N
3537,N
3538,N
3539,N
3540,N
3541,N
3542,N
3543,N
3544,N
3545,N
3546,N
3547,N
3548,N
3549,N
3550,N
3551,N
3552,N
3553,N
3554,N
3555,N
3557,N
3558,N
3559,N
3560,N
3561,N
3562,N
3563,N
3564,N
3565,N
3566,N
3567,N
3568,N
3569,N
3570,N
3571,N
3572,N
3573,N
3574,N
3575,N
3576,N
3577,N
3578,N
3579,N
3580,N
3581,N
3582,N
3583,N
3584,N
3585,N
3586,N
3587,N
3588,N
3589,N
3590,N
3591,N
3592,N
3593,N
3594,N
3595,N
3596,N
3597,N
3599,N
3600,N
3601,N
3602,N
3603,N
3604,N
3605,N
3606,N
3607,N
3608,N
3609,N
3610,N
3611,N
3612,N
3613,N
3614,N
3615,N
3616,N
3617,N
3618,N
3619,N
3620,N
3621,N
3622,N
3623,N
3624,N
3625,N
3626,N
3628,N
3629,N
3630,N
3631,N
3632,N
3633,N
3634,N
3635,N
3636,N
3638,N
3639,N
3640,N
3641,N
3642,N
3643,N
3644,N
3645,N
3646,N
3647,N
3649,N
3650,N
3651,N
3652,N
3653,N
3654,N
3655,N
3656,N
3657,N
3658,N
3659,N
3660,N
3661,N
3662,N
3663,N
3664,N
3665,N
3666,N
3667,N
3668,N
3669,N
3670,N
3671,N
3672,N
3673,N
3674,N
3675,N
3676,N
3677,N
3678,N
3679,N
3680,N
3681,N
3682,N
3683,N
3684,N
3685,N
3686,N
3687,N
3688,N
3689,N
3690,N
3691,N
3692,N
3693,N
3694,N
3695,N
3696,N
3697,N
3698,N
3699,N
3701,N
3702,N
3703,N
3704,N
3705,N
3706,N
3707,N
3708,N
3709,N
3710,N
3711,N
3712,N
3713,N
3714,N
3715,N
3716,N
3717,N
3718,N
3719,N
3720,N
3721,N
3722,N
3723,N
3724,N
3725,N
3726,N
3727,N
3728,N
3729,N
3730,N
3731,N
3732,N
3733,N
3734,N
3735,N
3736,N
3737,N
3738,N
3739,N
3740,N
3741,N
3742,N
3743,N
3744,N
3745,N
3746,N
3747,N
3748,N
3749,N
3750,N
3751,N
3752,N
3753,N
3754,N
3755,N
3756,N
3757,N
3758,N
3759,N
3760,N
3761,N
3762,N
3763,N
3764,N
3765,N
3766,N
3767,N
3768,N
3769,N
3770,N
3771,N
3772,N
3773,N
3774,N
3775,N
3776,N
3777,N
3778,N
3779,N
3780,N
3781,N
3782,N
3783,N
3784,N
3785,N
3786,N
3787,N
3788,N
3789,N
3790,N
3791,N
3792,N
3793,N
3794,N
3795,N
3796,N
3797,N
3798,N
3799,N
3800,N
3801,N
3802,N
3803,N
3804,N
3805,N
3806,N
3807,N
3808,N
3809,N
3810,N
3811,N
3812,N
3813,N
3815,N
3816,N
3817,N
3818,N
3819,N
3820,N
3821,N
3822,N
3823,N
3824,N
3825,N
3826,N
3827,N
3828,N
3829,N
3830,N
3831,N
3832,N
3833,N
3834,N
3835,N
3836,N
3837,N
3838,N
3839,N
3840,N
3841,N
3842,N
3843,N
3844,N
3845,N
3846,N
3847,N
3848,N
3849,N
3850,N
3851,N
3852,N
3853,N
3854,N
3855,N
3856,N
3858,N
3859,N
3860,N
3861,N
3862,N
3863,N
3864,N
3865,N
3866,N
3867,N
3868,N
3869,N
3870,N
3871,N
3872,N
3873,N
3874,N
3875,N
3876,N
3877,N
3878,N
3879,N
3880,N
3881,N
3882,N
3883,N
3884,N
3885,N
3886,N
3887,N
3888,N
3889,N
3890,N
3891,N
3892,N
3894,N
3895,N
3896,N
3897,N
3898,N
3899,N
3900,N
3901,N
3902,N
3903,N
3904,N
3905,N
3906,N
3907,N
3908,N
3909,N
3910,N
3911,N
3912,N
3913,N
3914,N
3915,N
3916,N
3917,N
3918,N
3919,N
3921,N
3922,N
3924,N
3925,N
3926,N
3927,N
3928,N
3929,N
3930,N
3931,N
3932,N
3933,N
3934,N
3935,N
3936,N
3937,N
3938,N
3939,N
3940,N
3941,N
3942,N
3943,N
3944,N
3945,N
3946,N
3947,N
3948,N
3949,N
3950,N
3951,N
3952,N
3953,N
3954,N
3955,N
3956,N
3957,N
3958,N
3959,N
3960,N
3961,N
3962,N
3963,N
3964,N
3965,N
3966,N
3967,N
3968,N
3969,N
3970,N
3971,N
3972,N
3973,N
3974,N
3975,N
3976,N
3977,N
3978,N
3979,N
3980,N
3981,N
3982,N
3983,N
3984,N
3985,N
3986,N
3987,N
3988,N
3989,N
3990,N
3991,N
3992,N
3993,N
3994,N
3995,N
3996,N
3997,N
3998,N
3999,N
4000,N
4001,N
4002,N
4003,N
4004,N
4005,N
4006,N
4007,N
4008,N
4009,N
4010,N
4011,N
4012,N
4013,N
4014,N
4015,N
4016,N
4017,N
4018,N
4019,N
4020,N
4021,N
4022,N
4023,N
4024,N
4025,N
4026,N
4027,N
4028,N
4029,N
4030,N
4031,N
4032,N
4033,N
4034,N
4035,N
4036,N
4037,N
4038,N
4039,N
4040,N
4041,N
4042,N
4044,N
4045,N
4046,N
4047,N
4048,N
4049,N
4050,N
4051,N
4053,N
4054,N
4055,N
4056,N
4058,N
4059,N
4060,N
4061,N
4062,N
4063,N
4064,N
4065,N
4066,N
4067,N
4068,N
4069,N
4070,N
4071,N
4072,N
4073,N
4074,N
4075,N
4076,N
4077,N
4078,N
4079,N
4080,N
4081,N
4082,N
4083,N
4084,N
4085,N
4086,N
4087,N
4088,N
4089,N
4090,N
4091,N
4092,N
4093,N
4094,N
4095,N
4096,N
4097,N
4098,N
4099,N
4100,N
4101,N
4102,N
4103,N
4104,N
4105,N
4106,N
4107,N
4108,N
4109,N
4110,N
4111,N
4112,N
4113,N
4114,N
4115,N
4116,N
4117,N
4118,N
4119,N
4120,N
4121,N
4122,N
4123,N
4124,N
4125,N
4126,N
4127,N
4128,N
4129,N
4130,N
4131,N
4132,N
4133,N
4134,N
4135,N
4136,N
4137,N
4138,N
4139,N
4140,N
4141,N
4142,N
4143,N
4144,N
4145,N
4146,N
4147,N
4148,N
4149,N
4150,N
4151,N
4152,N
4153,N
4154,N
4155,N
4156,N
4157,N
4158,N
4159,N
4160,N
4161,N
4162,N
4163,N
4164,N
4165,N
4166,N
4167,N
4168,N
4169,N
4170,N
4171,N
4172,N
4173,N
4174,N
4175,N
4176,N
4177,N
4178,N
4179,N
4180,N
4181,N
4182,N
4183,N
4184,N
4185,N
4186,N
4187,N
4188,N
4189,N
4190,N
4191,N
4192,N
4193,N
4194,N
4195,N
4196,N
4197,N
4198,N
4199,N
4200,N
4201,N
4202,N
4203,N
4204,N
4205,N
4206,N
4207,N
4208,N
4209,N
4210,N
4211,N
4212,N
4213,N
4214,N
4215,N
4216,N
4217,N
4218,N
4219,N
4220,N
4221,N
4222,N
4223,N
4224,N
4225,N
4226,N
4227,N
4228,N
4229,N
4230,N
4231,N
4232,N
4233,N
4234,N
4235,N
4236,N
4237,N
4238,N
4239,N
4240,N
4241,N
4242,N
4243,N
4244,N
4245,N
4246,N
4247,N
4248,N
4249,N
4250,N
4251,N
4252,N
4253,N
4254,N
4256,N
4257,N
4258,N
4259,N
4260,N
4261,N
4262,N
4263,N
4264,N
4265,N
4266,N
4267,N
4268,N
4269,N
4270,N
4271,N
4272,N
4273,N
4274,N
4275,N
4276,N
4277,N
4278,N
4279,N
4280,N
4281,N
4282,N
4283,N
4284,N
4285,N
4286,N
4287,N
4288,N
4289,N
4290,N
4291,N
4292,N
4293,N
4294,N
4295,N
4296,N
4297,N
4298,N
4299,N
4300,N
4301,N
4302,N
4303,N
4304,N
4305,N
4307,N
4308,N
4309,N
4310,N
4311,N
4312,N
4313,N
4314,N
4315,N
4316,N
4317,N
4318,N
4319,N
4320,N
4321,N
4322,N
4323,N
4324,N
4325,N
4326,N
4327,N
4328,N
4329,N
4330,N
4331,N
4332,N
4333,N
4334,N
4335,N
4336,N
4337,N
4338,N
4339,N
4340,N
4341,N
4342,N
4343,N
4344,N
4345,N
4346,N
4347,N
4348,N
4349,N
4350,N
4351,N
4352,N
4353,N
4354,N
4355,N
4356,N
4357,N
4358,N
4359,N
4361,N
4362,N
4363,N
4364,N
4365,N
4366,N
4368,N
4369,N
4370,N
4371,N
4372,N
4373,N
4374,N
4375,N
4376,N
4377,N
4378,N
4379,N
4380,N
4381,N
4382,N
4383,N
4384,N
4385,N
4386,N
4387,N
4388,N
4389,N
4390,N
4391,N
4392,N
4393,N
4394,N
4395,N
4396,N
4397,N
4398,N
4399,N
4400,N
4401,N
4402,N
4403,N
4404,N
4405,N
4406,N
4407,N
4408,N
4409,N
4410,N
4411,N
4412,N
4413,N
4414,N
4415,N
4416,N
4417,N
4418,N
4419,N
4420,N
4421,N
4422,N
4423,N
4424,N
4425,N
4426,N
4427,N
4428,N
4429,N
4430,N
4431,N
4432,N
4433,N
4436,N
4437,N
4438,N
4439,N
4440,N
4441,N
4444,N
4445,N
4446,N
4447,N
4448,N
4449,N
4450,N
4451,N
4452,N
4453,N
4454,N
4455,N
4456,N
4458,N
4459,N
4460,N
4461,N
4462,N
4463,N
4464,N
4465,N
4466,N
4467,N
4468,N
4469,N
4470,N
4471,N
4472,N
4473,N
4474,N
4475,N
4476,N
4477,N
4478,N
4479,N
4480,N
4481,N
4482,N
4483,N
4484,N
4485,N
4486,N
4487,N
4488,N
4489,N
4490,N
4491,N
4492,N
4493,N
4494,N
4495,N
4496,N
4497,N
4498,N
4499,N
4500,N
4501,N
4502,N
4503,N
4504,N
4505,N
4506,N
4507,N
4508,N
4509,N
4510,N
4511,N
4512,N
4513,N
4514,N
4515,N
4516,N
4517,N
4518,N
4519,N
4520,N
4521,N
4522,N
4523,N
4524,N
4525,N
4526,N
4527,N
4528,N
4529,N
4530,N
4531,N
4532,N
4533,N
4534,N
4535,N
4536,N
4537,N
4538,N
4539,N
4540,N
4541,N
4542,N
4544,N
4545,N
4546,N
4547,N
4548,N
4549,N
4550,N
4551,N
4552,N
4553,N
4554,N
4555,N
4556,N
4557,N
4558,N
4559,N
4560,N
4561,N
4562,N
4563,N
4564,N
4565,N
4566,N
4567,N
4568,N
4569,N
4570,N
4571,N
4573,N
4574,N
4575,N
4576,N
4577,N
4578,N
4579,N
4580,N
4581,N
4582,N
4583,N
4584,N
4585,N
4586,N
4587,N
4588,N
4589,N
4590,N
4591,N
4592,N
4593,N
4594,N
4595,N
4596,N
4597,N
4598,N
4599,N
4600,N
4601,N
4602,N
4603,N
4604,N
4605,N
4606,N
4607,N
4608,N
4609,N
4610,N
4611,N
4612,N
4613,N
4614,N
4615,N
4616,N
4617,N
4618,N
4619,N
4620,N
4621,N
4622,N
4623,N
4624,N
4625,N
4626,N
4627,N
4628,N
4629,N
4630,N
4631,N
4632,N
4633,N
4634,N
4635,N
4636,N
4637,N
4638,N
4639,N
4640,N
4641,N
4642,N
4643,N
4644,N
4645,N
4646,N
4647,N
4648,N
4649,N
4650,N
4651,N
4652,N
4653,N
4654,N
4655,N
4656,N
4657,N
4658,N
4659,N
4660,N
4661,N
4662,N
4663,N
4664,N
4665,N
4666,N
4667,N
4668,N
4669,N
4670,N
4671,N
4672,N
4673,N
4674,N
4675,N
4676,N
4677,N
4678,N
4679,N
4680,N
4681,N
4682,N
4683,N
4684,N
4685,N
4686,N
4687,N
4688,N
4689,N
4690,N
4691,N
4692,N
4693,N
4694,N
4695,N
4696,N
4697,N
4698,N
4699,N
4700,N
4701,N
4702,N
4703,N
4705,N
4706,N
4707,N
4708,N
4709,N
4710,N
4711,N
4712,N
4713,N
4714,N
4715,N
4716,N
4717,N
4718,N
4719,N
4720,N
4721,N
4722,N
4723,N
4724,N
4725,N
4726,N
4727,N
4728,N
4729,N
4730,N
4731,N
4733,N
4734,N
4735,N
4736,N
4737,N
4738,N
4739,N
4740,N
4741,N
4742,N
4743,N
4744,N
4745,N
4746,N
4747,N
4748,N
4749,N
4750,N
4751,N
4752,N
4753,N
4754,N
4755,N
4756,N
4757,N
4758,N
4759,N
4760,N
4761,N
4762,N
4763,N
4764,N
4765,N
4766,N
4767,N
4768,N
4769,N
4770,N
4771,N
4772,N
4773,N
4774,N
4775,N
4776,N
4777,N
4778,N
4779,N
4780,N
4781,N
4782,N
4783,N
4784,N
4785,N
4786,N
4787,N
4788,N
4789,N
4790,N
4791,N
4792,N
4793,N
4794,N
4795,N
4796,N
4797,N
4798,N
4799,N
4800,N
4801,N
4802,N
4803,N
4804,N
4805,N
4806,N
4807,N
4808,N
4809,N
4810,N
4811,N
4812,N
4813,N
4814,N
4815,N
4816,N
4817,N
4818,N
4819,N
4820,N
4821,N
4822,N
4823,N
4824,N
4825,N
4826,N
4827,N
4828,N
4829,N
4830,N
4831,N
4832,N
4833,N
4834,N
4835,N
4836,N
4837,N
4838,N
4839,N
4840,N
4841,N
4842,N
4843,N
4844,N
4845,N
4846,N
4847,N
4848,N
4849,N
4850,N
4851,N
4852,N
4853,N
4854,N
4855,N
4856,N
4857,N
4858,N
4859,N
4860,N
4861,N
4862,N
4863,N
4864,N
4865,N
4866,N
4867,N
4868,N
4869,N
4870,N
4871,N
4872,N
4874,N
4875,N
4876,N
4877,N
4878,N
4879,N
4880,N
4881,N
4882,N
4883,N
4884,N
4885,N
4886,N
4887,N
4888,N
4889,N
4890,N
4891,N
4892,N
4893,N
4894,N
4895,N
4897,N
4898,N
4899,N
4900,N
4901,N
4902,N
4903,N
4904,N
4905,N
4906,N
4907,N
4908,N
4909,N
4910,N
4911,N
4912,N
4913,N
4914,N
4915,N
4916,N
4917,N
4918,N
4919,N
4920,N
4921,N
4922,N
4923,N
4924,N
4925,N
4926,N
4927,N
4928,N
4929,N
4930,N
4931,N
4932,N
4933,N
4935,N
4936,N
4937,N
4938,N
4939,N
4940,N
4941,N
4942,N
4943,N
4944,N
4945,N
4946,N
4947,N
4948,N
4949,N
4950,N
4951,N
4952,N
4953,N
4954,N
4956,N
4957,N
4958,N
4959,N
4960,N
4961,N
4962,N
4963,N
4964,N
4965,N
4966,N
4967,N
4968,N
4969,N
4970,N
4971,N
4972,N
4973,N
4974,N
4975,N
4976,N
4977,N
4978,N
4980,N
4981,N
4982,N
4983,N
4984,N
4985,N
4986,N
4987,N
4988,N
4989,N
4990,N
4991,N
4992,N
4993,N
4994,N
4995,N
4996,N
4997,N
4998,N
4999,N
5000,N
5001,N
5002,N
5003,N
5004,N
5005,N
5007,N
5008,N
5009,N
5010,N
5011,N
5012,N
5013,N
5014,N
5015,N
5016,N
5017,N
5018,N
5019,N
5020,N
5021,N
5022,N
5023,N
5024,N
5025,N
5026,N
5027,N
5028,N
5029,N
5030,N
5031,N
5032,N
5033,N
5034,N
5035,N
5036,N
5037,N
5038,N
5039,N
5040,N
5041,N
5042,N
5043,N
5044,N
5045,N
5046,N
5047,N
5048,N
5049,N
5050,N
5051,N
5052,N
5053,N
5054,N
5055,N
5056,N
5057,N
5058,N
5059,N
5060,N
5062,N
5063,N
5064,N
5065,N
5066,N
5067,N
5068,N
5069,N
5070,N
5071,N
5072,N
5073,N
5074,N
5075,N
5076,N
5077,N
5078,N
5079,N
5080,N
5081,N
5082,N
5083,N
5084,N
5085,N
5086,N
5087,N
5088,N
5089,N
5090,N
5091,N
5092,N
5093,N
5094,N
5095,N
5096,N
5097,N
5098,N
5099,N
5100,N
5101,N
5102,N
5103,N
5104,N
5106,N
5107,N
5108,N
5109,N
5110,N
5111,N
5112,N
5113,N
5114,N
5115,N
5116,N
5117,N
5118,N
5119,N
5120,N
5121,N
5122,N
5123,N
5124,N
5125,N
5126,N
5127,N
5128,N
5129,N
5130,N
5131,N
5132,N
5133,N
5134,N
5135,N
5136,N
5137,N
5138,N
5139,N
5140,N
5141,N
5142,N
5143,N
5144,N
5145,N
5146,N
5147,N
5148,N
5149,N
5150,N
5151,N
5152,N
5153,N
5154,N
5155,N
5156,N
5157,N
5158,N
5159,N
5160,N
5161,N
5162,N
5163,N
5164,N
5165,N
5166,N
5167,N
5168,N
5169,N
5170,N
5171,N
5172,N
5173,N
5174,N
5175,N
5176,N
5177,N
5178,N
5179,N
5180,N
5181,N
5182,N
5183,N
5184,N
5185,N
5186,N
5187,N
5188,N
5189,N
5190,N
5191,N
5192,N
5193,N
5194,N
5195,N
5196,N
5197,N
5198,N
5199,N
5200,N
5201,N
5202,N
5203,N
5204,N
5205,N
5206,N
5207,N
5208,N
5209,N
5210,N
5211,N
5212,N
5213,N
5214,N
5215,N
5216,N
5217,N
5218,N
5219,N
5220,N
5221,N
5222,N
5223,N
5224,N
5225,N
5226,N
5227,N
5228,N
5229,N
5230,N
5231,N
5232,N
5233,N
5234,N
5235,N
5236,N
5237,N
5238,N
5239,N
5240,N
5241,N
5242,N
5243,N
5244,N
5245,N
5246,N
5247,N
5248,N
5249,N
5250,N
5251,N
5252,N
5253,N
5254,N
5255,N
5256,N
5257,N
5258,N
5259,N
5260,N
5261,N
5262,N
5263,N
5264,N
5265,N
5266,N
5267,N
5268,N
5269,N
5270,N
5271,N
5273,N
5274,N
5275,N
5276,N
5277,N
5278,N
5279,N
5280,N
5281,N
5282,N
5283,N
5284,N
5285,N
5286,N
5287,N
5288,N
5289,N
5290,N
5291,N
5292,N
5293,N
5294,N
5295,N
5296,N
5297,N
5298,N
5299,N
5300,N
5301,N
5302,N
5303,N
5304,N
5305,N
5306,N
5307,N
5308,N
5309,N
5310,N
5311,N
5312,N
5313,N
5314,N
5315,N
5316,N
5317,N
5318,N
5319,N
5320,N
5321,N
5322,N
5324,N
5325,N
5326,N
5327,N
5328,N
5329,N
5330,N
5331,N
5333,N
5334,N
5335,N
5336,N
5337,N
5338,N
5339,N
5340,N
5341,N
5342,N
5343,N
5344,N
5345,N
5346,N
5347,N
5348,N
5349,N
5350,N
5351,N
5353,N
5354,N
5355,N
5356,N
5357,N
5358,N
5359,N
5360,N
5361,N
5362,N
5363,N
5364,N
5365,N
5366,N
5367,N
5368,N
5369,N
5370,N
5371,N
5372,N
5373,N
5374,N
5375,N
5376,N
5377,N
5378,N
5379,N
5380,N
5381,N
5382,N
5383,N
5384,N
5385,N
5387,N
5388,N
5389,N
5390,N
5391,N
5392,N
5393,N
5394,N
5395,N
5396,N
5397,N
5398,N
5399,N
5400,N
5401,N
5402,N
5403,N
5404,N
5405,N
5406,N
5407,N
5409,N
5410,N
5411,N
5412,N
5413,N
5414,N
5415,N
5416,N
5417,N
5418,N
5419,N
5420,N
5421,N
5422,N
5423,N
5424,N
5425,N
5426,N
5427,N
5428,N
5429,N
5430,N
5431,N
5432,N
5433,N
5434,N
5435,N
5436,N
5437,N
5438,N
5439,N
5440,N
5441,N
5442,N
5443,N
5444,N
5445,N
5446,N
5447,N
5449,N
5450,N
5451,N
5453,N
5454,N
5455,N
5456,N
5458,N
5459,N
5460,N
5462,N
5463,N
5464,N
5465,N
5466,N
5467,N
5468,N
5469,N
5470,N
5471,N
5472,N
5473,N
5474,N
5475,N
5476,N
5477,N
5478,N
5479,N
5480,N
5481,N
5482,N
5483,N
5484,N
5485,N
5486,N
5487,N
5488,N
5489,N
5490,N
5491,N
5492,N
5493,N
5494,N
5495,N
5496,N
5497,N
5498,N
5499,N
5500,N
5501,N
5502,N
5503,N
5504,N
5505,N
5506,N
5507,N
5508,N
5509,N
5510,N
5511,N
5512,N
5513,N
5514,N
5515,N
5516,N
5517,N
5518,N
5519,N
5520,N
5521,N
5522,N
5523,N
5524,N
5525,N
5526,N
5527,N
5528,N
5529,N
5530,N
5531,N
5532,N
5533,N
5534,N
5535,N
5536,N
5537,N
5538,N
5539,N
5540,N
5541,N
5542,N
5543,N
5544,N
5545,N
5546,N
5547,N
5548,N
5549,N
5550,N
5551,N
5552,N
5553,N
5554,N
5555,N
5556,N
5557,N
5558,N
5559,N
5560,N
5561,N
5562,N
5563,N
5564,N
5565,N
5566,N
5567,N
5568,N
5569,N
5570,N
5571,N
5572,N
5573,N
5574,N
5575,N
5576,N
5577,N
5578,N
5579,N
5580,N
5581,N
5582,N
5583,N
5585,N
5586,N
5587,N
5588,N
5589,N
5590,N
5591,N
5592,N
5593,N
5594,N
5595,N
5596,N
5597,N
5598,N
5599,N
5600,N
5601,N
5602,N
5603,N
5604,N
5605,N
5607,N
5608,N
5609,N
5610,N
5611,N
5612,N
5613,N
5614,N
5615,N
5616,N
5617,N
5618,N
5619,N
5620,N
5621,N
5622,N
5623,N
5624,N
5625,N
5626,N
5627,N
5628,N
5629,N
5630,N
5631,N
5632,N
5633,N
5634,N
5635,N
5636,N
5637,N
5638,N
5639,N
5640,N
5641,N
5642,N
5643,N
5644,N
5645,N
5646,N
5647,N
5648,N
5649,N
5650,N
5651,N
5652,N
5653,N
5654,N
5655,N
5656,N
5657,N
5658,N
5659,N
5661,N
5662,N
5663,N
5664,N
5665,N
5666,N
5667,N
5668,N
5669,N
5670,N
5671,N
5673,N
5676,N
5677,N
5678,N
5679,N
5680,N
5682,N
5683,N
5684,N
5685,N
5686,N
5687,N
5688,N
5689,N
5690,N
5691,N
5692,N
5693,N
5694,N
5695,N
5696,N
5697,N
5698,N
5699,N
5701,N
5702,N
5703,N
5704,N
5705,N
5706,N
5707,N
5708,N
5709,N
5710,N
5711,N
5712,N
5713,N
5714,N
5715,N
5716,N
5717,N
5718,N
5719,N
5720,N
5721,N
5722,N
5723,N
5724,N
5725,N
5726,N
5727,N
5728,N
5729,N
5730,N
5731,N
5732,N
5733,N
5734,N
5735,N
5736,N
5737,N
5738,N
5739,N
5740,N
5741,N
5742,N
5744,N
5745,N
5746,N
5747,N
5748,N
5749,N
5750,N
5751,N
5752,N
5753,N
5754,N
5755,N
5756,N
5757,N
5758,N
5759,N
5760,N
5761,N
5762,N
5763,N
5764,N
5765,N
5766,N
5767,N
5768,N
5769,N
5770,N
5771,N
5772,N
5773,N
5774,N
5775,N
5776,N
5777,N
5778,N
5779,N
5780,N
5781,N
5782,N
5783,N
5784,N
5785,N
5786,N
5787,N
5788,N
5789,N
5790,N
5791,N
5792,N
5793,N
5794,N
5795,N
5796,N
5797,N
5798,N
5799,N
5800,N
5801,N
5802,N
5803,N
5804,N
5805,N
5806,N
5807,N
5809,N
5810,N
5811,N
5813,N
5814,N
5815,N
5816,N
5817,N
5819,N
5820,N
5821,N
5822,N
5823,N
5824,N
5825,N
5826,N
5827,N
5828,N
5829,N
5830,N
5831,N
5832,N
5833,N
5834,N
5835,N
5836,N
5837,N
5838,N
5839,N
5841,N
5842,N
5843,N
5844,N
5845,N
5846,N
5847,N
5848,N
5849,N
5850,N
5851,N
5852,N
5853,N
5854,N
5855,N
5856,N
5857,N
5858,N
5859,N
5860,N
5861,N
5862,N
5863,N
5864,N
5865,N
5866,N
5867,N
5868,N
5869,N
5870,N
5871,N
5872,N
5873,N
5874,N
5875,N
5876,N
5877,N
5878,N
5879,N
5880,N
5881,N
5882,N
5883,N
5884,N
5885,N
5886,N
5887,N
5888,N
5889,N
5890,N
5891,N
5892,N
5893,N
5894,N
5895,N
5896,N
5897,N
5898,N
5899,N
5900,N
5901,N
5903,N
5904,N
5905,N
5906,N
5907,N
5908,N
5909,N
5910,N
5911,N
5912,N
5913,N
5914,N
5915,N
5916,N
5917,N
5918,N
5919,N
5920,N
5921,N
5922,N
5923,N
5924,N
5925,N
5926,N
5927,N
5928,N
5929,N
5930,N
5931,N
5932,N
5933,N
5934,N
5935,N
5936,N
5937,N
5938,N
5939,N
5940,N
5941,N
5942,N
5943,N
5944,N
5945,N
5946,N
5947,N
5948,N
5949,N
5950,N
5951,N
5952,N
5953,N
5954,N
5956,N
5957,N
5958,N
5959,N
5960,N
5961,N
5962,N
5963,N
5964,N
5965,N
5966,N
5967,N
5968,N
5969,N
5970,N
5971,N
5972,N
5973,N
5974,N
5975,N
5976,N
5977,N
5978,N
5979,N
5980,N
5981,N
5982,N
5983,N
5984,N
5985,N
5986,N
5987,N
5988,N
5989,N
5990,N
5991,N
5992,N
5993,N
5995,N
5996,N
5997,N
5998,N
5999,N
6000,N
6001,N
6002,N
6003,N
6004,N
6005,N
6006,N
6007,N
6008,N
6009,N
6010,N
6011,N
6012,N
6013,N
6014,N
6015,N
6016,N
6017,N
6018,N
6019,N
6020,N
6021,N
6022,N
6023,N
6024,N
6025,N
6026,N
6027,N
6028,N
6029,N
6030,N
6031,N
6032,N
6033,N
6034,N
6035,N
6036,N
6037,N
6038,N
6039,N
6040,N
6041,N
6042,N
6043,N
6044,N
6045,N
6046,N
6047,N
6048,N
6049,N
6050,N
6051,N
6052,N
6053,N
6054,N
6055,N
6056,N
6057,N
6058,N
6059,N
6060,N
6061,N
6062,N
6063,N
6064,N
6065,N
6066,N
6067,N
6068,N
6069,N
6070,N
6071,N
6072,N
6073,N
6074,N
6075,N
6076,N
6077,N
6078,N
6079,N
6080,N
6081,N
6082,N
6083,N
6084,N
6085,N
6086,N
6087,N
6088,N
6089,N
6090,N
6091,N
6092,N
6093,N
6094,N
6095,N
6096,N
6097,N
6098,N
6099,N
6103,N
6104,N
6105,N
6106,N
6107,N
6108,N
6109,N
6110,N
6111,N
6112,N
6113,N
6114,N
6115,N
6116,N
6117,N
6118,N
6119,N
6120,N
6121,N
6122,N
6123,N
6124,N
6125,N
6126,N
6127,N
6128,N
6129,N
6130,N
6131,N
6132,N
6133,N
6134,N
6135,N
6136,N
6137,N
6138,N
6139,N
6140,N
6141,N
6142,N
6143,N
6144,N
6145,N
6146,N
6147,N
6148,N
6149,N
6150,N
6151,N
6152,N
6153,N
6154,N
6155,N
6156,N
6157,N
6158,N
6159,N
6160,N
6161,N
6162,N
6163,N
6164,N
6165,N
6166,N
6167,N
6168,N
6169,N
6170,N
6171,N
6172,N
6173,N
6174,N
6175,N
6176,N
6177,N
6178,N
6179,N
6180,N
6181,N
6182,N
6183,N
6184,N
6185,N
6186,N
6187,N
6188,N
6189,N
6190,N
6191,N
6192,N
6193,N
6194,N
6195,N
6196,N
6197,N
6198,N
6199,N
6200,N
6201,N
6202,N
6203,N
6204,N
6205,N
6206,N
6207,N
6208,N
6209,N
6210,N
6211,N
6212,N
6213,N
6214,N
6215,N
6216,N
6217,N
6218,N
6219,N
6220,N
6221,N
6222,N
6223,N
6224,N
6225,N
6226,N
6227,N
6228,N
6229,N
6230,N
6231,N
6232,N
6233,N
6234,N
6235,N
6236,N
6237,N
6238,N
6239,N
6240,N
6241,N
6242,N
6243,N
6244,N
6245,N
6246,N
6247,N
6248,N
6249,N
6250,N
6251,N
6252,N
6253,N
6254,N
6255,N
6256,N
6257,N
6258,N
6259,N
6260,N
6261,N
6262,N
6263,N
6264,N
6265,N
6266,N
6267,N
6268,N
6269,N
6270,N
6271,N
6272,N
6273,N
6274,N
6275,N
6276,N
6277,N
6278,N
6279,N
6280,N
6281,N
6282,N
6283,N
6284,N
6285,N
6286,N
6287,N
6288,N
6289,N
6290,N
6291,N
6292,N
6293,N
6294,N
6296,N
6297,N
6298,N
6299,N
6300,N
6301,N
6302,N
6303,N
6304,N
6305,N
6306,N
6307,N
6308,N
6309,N
6310,N
6311,N
6312,N
6313,N
6314,N
6315,N
6317,N
6318,N
6319,N
6320,N
6321,N
6322,N
6323,N
6324,N
6325,N
6326,N
6327,N
6328,N
6329,N
6330,N
6331,N
6332,N
6333,N
6334,N
6335,N
6336,N
6337,N
6338,N
6339,N
6340,N
6341,N
6342,N
6343,N
6344,N
6345,N
6346,N
6347,N
6348,N
6351,N
6352,N
6353,N
6354,N
6356,N
6357,N
6358,N
6359,N
6360,N
6361,N
6362,N
6363,N
6364,N
6365,N
6366,N
6367,N
6368,N
6369,N
6370,N
6371,N
6372,N
6373,N
6374,N
6375,N
6376,N
6377,N
6378,N
6379,N
6380,N
6381,N
6382,N
6383,N
6384,N
6385,N
6386,N
6387,N
6388,N
6389,N
6390,N
6391,N
6393,N
6394,N
6395,N
6396,N
6397,N
6398,N
6399,N
6400,N
6401,N
6402,N
6403,N
6404,N
6406,N
6407,N
6408,N
6409,N
6410,N
6411,N
6412,N
6413,N
6414,N
6415,N
6416,N
6417,N
6418,N
6419,N
6420,N
6421,N
6422,N
6423,N
6424,N
6425,N
6426,N
6427,N
6428,N
6429,N
6430,N
6431,N
6432,N
6433,N
6434,N
6435,N
6436,N
6437,N
6438,N
6439,N
6440,N
6441,N
6442,N
6443,N
6444,N
6445,N
6446,N
6447,N
6448,N
6449,N
6450,N
6451,N
6452,N
6453,N
6454,N
6455,N
6456,N
6457,N
6458,N
6459,N
6460,N
6461,N
6462,N
6463,N
6464,N
6465,N
6466,N
6467,N
6468,N
6469,N
6470,N
6471,N
6472,N
6473,N
6474,N
6475,N
6476,N
6477,N
6478,N
6479,N
6480,N
6481,N
6482,N
6483,N
6484,N
6485,N
6486,N
6487,N
6488,N
6489,N
6490,N
6491,N
6492,N
6493,N
6494,N
6495,N
6496,N
6497,N
6498,N
6499,N
6500,N
6501,N
6502,N
6503,N
6504,N
6505,N
6506,N
6507,N
6508,N
6509,N
6510,N
6511,N
6512,N
6513,N
6514,N
6515,N
6516,N
6518,N
6519,N
6520,N
6521,N
6522,N
6523,N
6524,N
6525,N
6526,N
6527,N
6528,N
6529,N
6530,N
6531,N
6532,N
6533,N
6534,N
6535,N
6536,N
6538,N
6539,N
6540,N
6541,N
6542,N
6543,N
6544,N
6545,N
6546,N
6547,N
6548,N
6549,N
6550,N
6551,N
6552,N
6553,N
6554,N
6555,N
6556,N
6557,N
6558,N
6559,N
6560,N
6561,N
6562,N
6563,N
6564,N
6565,N
6566,N
6567,N
6568,N
6569,N
6570,N
6571,N
6572,N
6573,N
6574,N
6575,N
6576,N
6577,N
6578,N
6579,N
6580,N
6581,N
6582,N
6583,N
6584,N
6585,N
6586,N
6587,N
6588,N
6589,N
6590,N
6591,N
6592,N
6593,N
6594,N
6595,N
6596,N
6597,N
6598,N
6600,N
6601,N
6602,N
6603,N
6604,N
6605,N
6606,N
6607,N
6608,N
6609,N
6610,N
6611,N
6612,N
6613,N
6614,N
6615,N
6616,N
6617,N
6618,N
6619,N
6620,N
6621,N
6622,N
6623,N
6624,N
6625,N
6626,N
6627,N
6628,N
6629,N
6630,N
6631,N
6632,N
6633,N
6634,N
6635,N
6636,N
6637,N
6638,N
6639,N
6640,N
6641,N
6642,N
6643,N
6644,N
6645,N
6646,N
6647,N
6648,N
6649,N
6651,N
6653,N
6654,N
6655,N
6656,N
6657,N
6658,N
6659,N
6660,N
6661,N
6662,N
6663,N
6664,N
6665,N
6666,N
6667,N
6668,N
6669,N
6670,N
6671,N
6672,N
6673,N
6674,N
6675,N
6676,N
6677,N
6678,N
6679,N
6680,N
6681,N
6682,N
6683,N
6684,N
6685,N
6686,N
6687,N
6688,N
6689,N
6690,N
6691,N
6692,N
6693,N
6694,N
6695,N
6696,N
6697,N
6698,N
6699,N
6700,N
6701,N
6702,N
6703,N
6704,N
6705,N
6706,N
6707,N
6708,N
6709,N
6710,N
6711,N
6712,N
6713,N
6714,N
6715,N
6716,N
6718,N
6719,N
6720,N
6721,N
6722,N
6723,N
6724,N
6725,N
6726,N
6727,N
6728,N
6729,N
6730,N
6732,N
6733,N
6734,N
6735,N
6736,N
6737,N
6738,N
6739,N
6740,N
6741,N
6742,N
6743,N
6744,N
6745,N
6746,N
6747,N
6748,N
6749,N
6750,N
6751,N
6752,N
6753,N
6754,N
6755,N
6756,N
6757,N
6758,N
6759,N
6760,N
6761,N
6762,N
6763,N
6764,N
6765,N
6766,N
6767,N
6768,N
6769,N
6770,N
6771,N
6772,N
6773,N
6774,N
6775,N
6776,N
6778,N
6779,N
6780,N
6781,N
6782,N
6783,N
6784,N
6785,N
6786,N
6787,N
6788,N
6789,N
6790,N
6791,N
6792,N
6793,N
6794,N
6795,N
6796,N
6797,N
6798,N
6799,N
6800,N
6801,N
6802,N
6803,N
6804,N
6805,N
6806,N
6807,N
6808,N
6809,N
6810,N
6811,N
6812,N
6813,N
6814,N
6815,N
6816,N
6817,N
6818,N
6819,N
6820,N
6821,N
6822,N
6823,N
6824,N
6825,N
6826,N
6827,N
6828,N
6829,N
6830,N
6831,N
6832,N
6833,N
6834,N
6835,N
6836,N
6837,N
6838,N
6839,N
6840,N
6841,N
6842,N
6843,N
6844,N
6845,N
6846,N
6847,N
6848,N
6849,N
6850,N
6851,N
6852,N
6853,N
6854,N
6855,N
6856,N
6857,N
6858,N
6859,N
6861,N
6862,N
6863,N
6864,N
6865,N
6866,N
6867,N
6868,N
6869,N
6870,N
6871,N
6872,N
6873,N
6874,N
6875,N
6876,N
6877,N
6878,N
6879,N
6880,N
6881,N
6882,N
6883,N
6884,N
6885,N
6886,N
6887,N
6888,N
6889,N
6890,N
6891,N
6892,N
6893,N
6894,N
6895,N
6896,N
6897,N
6898,N
6899,N
6900,N
6901,N
6902,N
6903,N
6904,N
6905,N
6906,N
6907,N
6908,N
6909,N
6910,N
6912,N
6914,N
6915,N
6916,N
6917,N
6919,N
6920,N
6921,N
6922,N
6923,N
6924,N
6925,N
6926,N
6927,N
6928,N
6929,N
6930,N
6931,N
6932,N
6933,N
6934,N
6936,N
6937,N
6938,N
6939,N
6940,N
6941,N
6942,N
6943,N
6944,N
6945,N
6946,N
6947,N
6948,N
6949,N
6950,N
6951,N
6952,N
6953,N
6954,N
6955,N
6956,N
6957,N
6958,N
6959,N
6960,N
6961,N
6962,N
6963,N
6964,N
6965,N
6966,N
6967,N
6968,N
6969,N
6970,N
6971,N
6972,N
6973,N
6974,N
6975,N
6976,N
6977,N
6978,N
6979,N
6980,N
6981,N
6982,N
6983,N
6984,N
6985,N
6986,N
6987,N
6988,N
6989,N
6990,N
6991,N
6992,N
6993,N
6994,N
6995,N
6996,N
6997,N
6998,N
6999,N
7000,N
7001,N
7002,N
7003,N
7004,N
7005,N
7006,N
7007,N
7008,N
7009,N
7010,N
7011,N
7012,N
7014,N
7015,N
7016,N
7017,N
7018,N
7019,N
7020,N
7021,N
7022,N
7023,N
7024,N
7025,N
7026,N
7027,N
7028,N
7029,N
7030,N
7031,N
7032,N
7033,N
7034,N
7035,N
7036,N
7037,N
7038,N
7039,N
7040,N
7041,N
7042,N
7043,N
7044,N
7045,N
7046,N
7047,N
7048,N
7049,N
7050,N
7051,N
7052,N
7053,N
7054,N
7055,N
7056,N
7057,N
7058,N
7059,N
7060,N
7061,N
7062,N
7063,N
7064,N
7065,N
7066,N
7067,N
7068,N
7069,N
7070,N
7071,N
7072,N
7073,N
7074,N
7075,N
7076,N
7077,N
7078,N
7079,N
7080,N
7081,N
7082,N
7083,N
7084,N
7085,N
7086,N
7088,N
7089,N
7090,N
7091,N
7092,N
7093,N
7094,N
7095,N
7096,N
7097,N
7098,N
7099,N
7100,N
7101,N
7102,N
7103,N
7104,N
7105,N
7106,N
7107,N
7108,N
7109,N
7110,N
7111,N
7112,N
7113,N
7114,N
7115,N
7116,N
7117,N
7118,N
7119,N
7120,N
7121,N
7122,N
7123,N
7124,N
7125,N
7126,N
7127,N
7129,N
7130,N
7131,N
7132,N
7133,N
7134,N
7135,N
7136,N
7137,N
7138,N
7139,N
7140,N
7141,N
7142,N
7143,N
7144,N
7145,N
7146,N
7147,N
7148,N
7149,N
7150,N
7151,N
7152,N
7153,N
7154,N
7155,N
7156,N
7157,N
7158,N
7159,N
7160,N
7161,N
7162,N
7163,N
7164,N
7165,N
7166,N
7167,N
7168,N
7169,N
7170,N
7171,N
7172,N
7173,N
7174,N
7175,N
7176,N
7177,N
7178,N
7179,N
7181,N
7182,N
7183,N
7184,N
7185,N
7186,N
7187,N
7188,N
7189,N
7190,N
7191,N
7192,N
7193,N
7194,N
7195,N
7196,N
7197,N
7198,N
7199,N
7200,N
7201,N
7202,N
7203,N
7204,N
7205,N
7206,N
7207,N
7208,N
7210,N
7211,N
7212,N
7213,N
7214,N
7215,N
7216,N
7217,N
7218,N
7219,N
7220,N
7221,N
7222,N
7223,N
7224,N
7225,N
7226,N
7227,N
7228,N
7229,N
7230,N
7231,N
7232,N
7233,N
7234,N
7235,N
7236,N
7237,N
7238,N
7239,N
7240,N
7241,N
7242,N
7243,N
7244,N
7245,N
7246,N
7247,N
7248,N
7249,N
7250,N
7251,N
7252,N
7253,N
7254,N
7255,N
7256,N
7257,N
7258,N
7259,N
7260,N
7261,N
7262,N
7263,N
7264,N
7265,N
7266,N
7267,N
7268,N
7269,N
7270,N
7271,N
7272,N
7274,N
7275,N
7277,N
7278,N
7279,N
7280,N
7281,N
7282,N
7283,N
7284,N
7285,N
7286,N
7287,N
7288,N
7289,N
7290,N
7291,N
7292,N
7293,N
7294,N
7295,N
7296,N
7297,N
7298,N
7299,N
7300,N
7301,N
7302,N
7304,N
7305,N
7306,N
7307,N
7308,N
7309,N
7310,N
7311,N
7312,N
7313,N
7314,N
7315,N
7316,N
7317,N
7318,N
7319,N
7320,N
7321,N
7322,N
7323,N
7324,N
7325,N
7326,N
7327,N
7328,N
7329,N
7330,N
7331,N
7332,N
7333,N
7334,N
7335,N
7336,N
7337,N
7338,N
7339,N
7340,N
7341,N
7342,N
7343,N
7344,N
7345,N
7346,N
7347,N
7348,N
7349,N
7350,N
7351,N
7352,N
7353,N
7354,N
7355,N
7356,N
7357,N
7358,N
7360,N
7361,N
7363,N
7364,N
7365,N
7366,N
7367,N
7368,N
7369,N
7370,N
7371,N
7372,N
7373,N
7375,N
7376,N
7377,N
7378,N
7379,N
7380,N
7381,N
7382,N
7383,N
7384,N
7385,N
7386,N
7387,N
7388,N
7389,N
7390,N
7391,N
7392,N
7393,N
7394,N
7395,N
7396,N
7397,N
7398,N
7399,N
7400,N
7401,N
7402,N
7403,N
7404,N
7405,N
7406,N
7407,N
7408,N
7409,N
7410,N
7411,N
7412,N
7413,N
7414,N
7415,N
7416,N
7417,N
7418,N
7419,N
7420,N
7421,N
7422,N
7424,N
7425,N
7426,N
7427,N
7428,N
7429,N
7430,N
7431,N
7432,N
7433,N
7435,N
7436,N
7437,N
7439,N
7440,N
7441,N
7442,N
7443,N
7444,N
7445,N
7446,N
7447,N
7448,N
7449,N
7450,N
7451,N
7452,N
7453,N
7454,N
7456,N
7457,N
7458,N
7459,N
7460,N
7461,N
7462,N
7463,N
7464,N
7465,N
7466,N
7467,N
7468,N
7469,N
7470,N
7471,N
7472,N
7473,N
7475,N
7476,N
7477,N
7478,N
7479,N
7480,N
7481,N
7482,N
7483,N
7484,N
7485,N
7486,N
7487,N
7488,N
7489,N
7490,N
7491,N
7492,N
7493,N
7494,N
7495,N
7496,N
7497,N
7498,N
7499,N
7500,N
7501,N
7502,N
7503,N
7504,N
7505,N
7506,N
7507,N
7508,N
7509,N
7510,N
7511,N
7512,N
7513,N
7514,N
7515,N
7516,N
7517,N
7518,N
7519,N
7520,N
7521,N
7522,N
7523,N
7524,N
7525,N
7526,N
7527,N
7528,N
7530,N
7531,N
7532,N
7533,N
7534,N
7535,N
7536,N
7537,N
7538,N
7540,N
7541,N
7542,N
7543,N
7544,N
7545,N
7546,N
7547,N
7548,N
7549,N
7550,N
7551,N
7552,N
7553,N
7554,N
7555,N
7556,N
7557,N
7558,N
7559,N
7560,N
7561,N
7562,N
7563,N
7564,N
7565,N
7566,N
7567,N
7568,N
7569,N
7570,N
7571,N
7572,N
7573,N
7574,N
7575,N
7576,N
7577,N
7578,N
7579,N
7580,N
7581,N
7584,N
7585,N
7586,N
7587,N
7588,N
7589,N
7590,N
7591,N
7592,N
7593,N
7594,N
7595,N
7597,N
7598,N
7599,N
7600,N
7601,N
7602,N
7603,N
7604,N
7605,N
7606,N
7607,N
7608,N
7609,N
7610,N
7611,N
7612,N
7613,N
7614,N
7615,N
7616,N
7617,N
7618,N
7619,N
7620,N
7621,N
7622,N
7623,N
7624,N
7625,N
7626,N
7627,N
7628,N
7629,N
7630,N
7631,N
7632,N
7633,N
7634,N
7635,N
7636,N
7637,N
7638,N
7639,N
7640,N
7641,N
7642,N
7643,N
7644,N
7645,N
7646,N
7647,N
7648,N
7649,N
7650,N
7651,N
7653,N
7654,N
7655,N
7656,N
7657,N
7658,N
7659,N
7660,N
7661,N
7662,N
7663,N
7664,N
7665,N
7666,N
7667,N
7668,N
7669,N
7670,N
7671,N
7672,N
7673,N
7674,N
7675,N
7676,N
7677,N
7678,N
7679,N
7680,N
7681,N
7682,N
7683,N
7684,N
7685,N
7686,N
7687,N
7688,N
7689,N
7690,N
7691,N
7692,N
7693,N
7694,N
7695,N
7696,N
7697,N
7698,N
7699,N
7700,N
7701,N
7702,N
7703,N
7704,N
7705,N
7706,N
7707,N
7708,N
7709,N
7710,N
7711,N
7712,N
7713,N
7714,N
7715,N
7716,N
7717,N
7718,N
7719,N
7720,N
7721,N
7722,N
7723,N
7724,N
7725,N
7726,N
7727,N
7728,N
7729,N
7730,N
7732,N
7733,N
7734,N
7735,N
7736,N
7737,N
7738,N
7739,N
7740,N
7742,N
7743,N
7744,N
7745,N
7746,N
7747,N
7748,N
7749,N
7750,N
7751,N
7752,N
7753,N
7754,N
7755,N
7756,N
7757,N
7758,N
7759,N
7760,N
7761,N
7762,N
7763,N
7764,N
7765,N
7766,N
7767,N
7768,N
7769,N
7770,N
7771,N
7772,N
7773,N
7774,N
7775,N
7776,N
7777,N
7778,N
7779,N
7780,N
7781,N
7782,N
7783,N
7784,N
7785,N
7786,N
7787,N
7788,N
7789,N
7790,N
7791,N
7792,N
7793,N
7794,N
7795,N
7796,N
7797,N
7798,N
7799,N
7800,N
7801,N
7802,N
7803,N
7804,N
7805,N
7806,N
7807,N
7808,N
7809,N
7810,N
7811,N
7812,N
7813,N
7814,N
7815,N
7816,N
7817,N
7818,N
7819,N
7820,N
7821,N
7822,N
7823,N
7824,N
7825,N
7826,N
7827,N
7828,N
7829,N
7830,N
7831,N
7832,N
7833,N
7834,N
7835,N
7836,N
7837,N
7838,N
7839,N
7840,N
7841,N
7842,N
7843,N
7844,N
7845,N
7846,N
7848,N
7849,N
7850,N
7851,N
7852,N
7853,N
7854,N
7855,N
7856,N
7857,N
7858,N
7859,N
7860,N
7861,N
7862,N
7863,N
7864,N
7865,N
7866,N
7867,N
7868,N
7869,N
7870,N
7871,N
7872,N
7873,N
7874,N
7875,N
7876,N
7877,N
7878,N
7879,N
7880,N
7881,N
7882,N
7883,N
7884,N
7885,N
7886,N
7887,N
7888,N
7889,N
7890,N
7891,N
7892,N
7893,N
7894,N
7895,N
7896,N
7897,N
7898,N
7899,N
7900,N
7901,N
7902,N
7903,N
7904,N
7905,N
7906,N
7907,N
7908,N
7909,N
7910,N
7911,N
7912,N
7913,N
7914,N
7915,N
7916,N
7917,N
7918,N
7919,N
7920,N
7921,N
7922,N
7923,N
7924,N
7925,N
7926,N
7927,N
7928,N
7929,N
7930,N
7931,N
7932,N
7933,N
7934,N
7935,N
7936,N
7937,N
7938,N
7939,N
7940,N
7941,N
7942,N
7943,N
7944,N
7945,N
7946,N
7947,N
7948,N
7949,N
7950,N
7951,N
7952,N
7953,N
7954,N
7955,N
7956,N
7957,N
7958,N
7959,N
7960,N
7961,N
7962,N
7963,N
7964,N
7965,N
7966,N
7967,N
7968,N
7969,N
7970,N
7971,N
7972,N
7973,N
7974,N
7975,N
7976,N
7977,N
7978,N
7979,N
7980,N
7981,N
7982,N
7983,N
7984,N
7985,N
7986,N
7987,N
7988,N
7989,N
7990,N
7991,N
7992,N
7993,N
7994,N
7995,N
7996,N
7998,N
7999,N
8000,N
8001,N
8002,N
8003,N
8004,N
8005,N
8006,N
8007,N
8008,N
8009,N
8011,N
8012,N
8013,N
8014,N
8015,N
8016,N
8017,N
8018,N
8019,N
8020,N
8021,N
8022,N
8023,N
8024,N
8025,N
8026,N
8027,N
8028,N
8029,N
8030,N
8031,N
8032,N
8033,N
8034,N
8035,N
8036,N
8037,N
8038,N
8039,N
8040,N
8041,N
8042,N
8043,N
8044,N
8045,N
8046,N
8047,N
8048,N
8049,N
8050,N
8051,N
8052,N
8053,N
8054,N
8055,N
8056,N
8057,N
8058,N
8059,N
8060,N
8061,N
8062,N
8063,N
8064,N
8065,N
8066,N
8067,N
8068,N
8070,N
8071,N
8072,N
8073,N
8074,N
8075,N
8076,N
8077,N
8078,N
8079,N
8080,N
8081,N
8082,N
8083,N
8084,N
8085,N
8086,N
8087,N
8088,N
8089,N
8090,N
8091,N
8092,N
8093,N
8094,N
8095,N
8096,N
8097,N
8098,N
8099,N
8100,N
8101,N
8102,N
8103,N
8105,N
8106,N
8107,N
8108,N
8109,N
8110,N
8111,N
8112,N
8113,N
8114,N
8115,N
8116,N
8117,N
8118,N
8119,N
8120,N
8121,N
8122,N
8123,N
8124,N
8125,N
8126,N
8127,N
8128,N
